{"cameraMode":{"drawMode":0,"name":"Shaded","section":"Shading Mode"},"sceneLighting":true,"audioPlay":false,"sceneViewState":{"showFog":false,"showMaterialUpdate":false,"showSkybox":false,"showFlares":false,"showImageEffects":false,"showParticleSystems":false},"in2DMode":false,"pivot":{"x":-1.108558177947998,"y":-0.24779367446899415,"z":0.9225692749023438},"rotation":{"x":-0.0605490617454052,"y":0.9072675704956055,"z":-0.1401929408311844,"w":-0.39184752106666567},"size":5.762216091156006,"orthographic":false}