{"cameraMode":{"drawMode":0,"name":"Shaded","section":"Shading Mode"},"sceneLighting":false,"audioPlay":false,"sceneViewState":{"showFog":false,"showMaterialUpdate":false,"showSkybox":false,"showFlares":false,"showImageEffects":false,"showParticleSystems":false},"in2DMode":false,"pivot":{"x":-1.7699998617172242,"y":0.8941000699996948,"z":-7.510700225830078},"rotation":{"x":-0.0605490617454052,"y":0.9072675704956055,"z":-0.1401929408311844,"w":-0.39184752106666567},"size":1.0428719520568848,"orthographic":false}