{"cameraMode":{"drawMode":0,"name":"Shaded","section":"Shading Mode"},"sceneLighting":true,"audioPlay":false,"sceneViewState":{"showFog":false,"showMaterialUpdate":false,"showSkybox":false,"showFlares":false,"showImageEffects":false,"showParticleSystems":false},"in2DMode":false,"pivot":{"x":2.716597557067871,"y":-3.978438377380371,"z":-4.965213775634766},"rotation":{"x":-0.03916240110993385,"y":0.9558795690536499,"z":-0.24948981404304505,"w":-0.15004438161849976},"size":8.719293594360352,"orthographic":false}