{"cameraMode":{"drawMode":0,"name":"Shaded","section":"Shading Mode"},"sceneLighting":true,"audioPlay":false,"sceneViewState":{"showFog":false,"showMaterialUpdate":false,"showSkybox":false,"showFlares":false,"showImageEffects":false,"showParticleSystems":false},"in2DMode":false,"pivot":{"x":-5.907574653625488,"y":1.7995758056640626,"z":-5.589450836181641},"rotation":{"x":-0.03916240110993385,"y":0.9558795690536499,"z":-0.24948981404304505,"w":-0.15004438161849976},"size":39.5447883605957,"orthographic":false}